title,authors,publisher,published_date,page_count,description,genres,thumbnail_url,isbn_13,language,rating
Повелитель мух,Голдинг Уильям,АСТ,1954,320,"Странная, страшная и бесконечно притягательная книга. История благовоспитанных мальчиков, внезапно оказавшихся на необитаемом острове. Философская притча о том, что может произойти с людьми, забывшими о любви и милосердии. Гротескная антиутопия, роман‑предупреждение и, конечно, напоминание о хрупкости мира, в котором живем мы все.",Фантастика,/static/books/covers/povelitel_muh.jpg,9785171035976,ru,5.0
Мастер и Маргарита,Михаил Булгаков,АСТ,1967,544,"Культовый роман Михаила Булгакова. В Москву прибывает сам дьявол. Дальше воцаряются хаос и настоящая чертовщина и любому, кто попадется на пути Воланда и его свиты, не поздоровится. Но истинная причина его приезда кроется в некоем мастере и его возлюбленной. Уникальный роман о свете и тьме, любви и самопожертвовании, действие которого разворачивается в разгар жаркой московской весны.",Фантастика,/static/books/covers/masterimargarita.jpg,9785171561727,ru,5.0
Театр теней,Кир Булычев,Азбука,2025,1024,"Действие романов трилогии «Театр теней» происходит в «теневом» мире — мире, параллельном тому, в котором живем мы с вами, мире, где отсутствует смерть, здесь время стоит на месте. Главный герой трилогии с говорящей фамилией Гагарин, инопланетянин-подкидыш, найденный 12 апреля (отсюда и такая фамилия), вместе с другими учеными из Института экспертизы исследуют этот странный мир, полный опасных тайн и населенный отнюдь не ангелами.",Фантастика,/static/books/covers/teatrtenei.jpg,9785389276314,ru,5.0
Гарри Поттер и философский камень,Джоан Кэтлин Роулинг,Махаон,2025,432,"Книга, покорившая мир, эталон литературы для читателей всех возрастов, синоним успеха. Книга, сделавшая Джоан Роулинг самым читаемым писателем современности. Книга, ставшая культовой уже для нескольких поколений. «Гарри Поттер и Философский камень» - история начинается.",Фантастика,/static/books/covers/garripotter1.jpg,9785389074354,ru,5.0
Дюна,Герберт Фрэнк,АСТ,2024,704,"Роман «Дюна», первая книга прославленной саги, знакомит читателя с Арракисом — миром суровых пустынь, исполинских песчаных червей, отважных фрименов и таинственной специи. Безграничная фантазия автора создала яркую, почти осязаемую вселенную, в которой есть враждующие Великие Дома, могущественная Космическая Гильдия, загадочный Орден Бинэ Гессерит и неуловимые ассасины.",Фантастика,/static/books/covers/dune1.jpg,9785171189334,ru,5.0
Наруто. Кн 1,Масаси Кисимото,Азбука,2024,600,"Наруто Удзумаки – самый проблемный ученик академии ниндзя в деревне Коноха. День за днем он выдумывает всяческие проказы и выводит из себя окружающих! Однако даже у этого хулигана есть заветная мечта. Он собирается превзойти героев прошлого, стать величайшим ниндзя и обрести всеобщее признание! Но люди сторонятся юного Удзумаки, а кто-то даже смотрит на него с отвращением… Наруто и не подозревает, что его жизнь связана с трагедией, постигшей Коноху двенадцать лет назад…",Манга,/static/books/covers/naruto1.jpg,9785389189324,ru,5.0
One Piece. Большой куш. Кн.1,Эйитиро Ода,Азбука,2025,608,"Голд Роджер – король пиратов, добившийся за свою жизнь богатства, славы и власти, спрятал где-то на просторах этого мира загадочное сокровище, которое все называют «One Piece». После смерти Роджера множество смельчаков кинулись на поиски этого большого куша. И наступила великая эпоха пиратов! Вот и паренек по имени Луффи, живущий в маленькой прибрежной деревушке, мечтает стать пиратом. Еще в детстве он ненароком съел плод резина-резина и приобрел невероятные способности. Повзрослев, он покидает родные места в погоне за величайшим сокровищем!",Манга,/static/books/covers/onepiece1.jpg,9785389163188,ru,5.0
Death Note. Книга 1,Цугуми Ооба,Азбука,2025,384,"У студента колледжа Лайта Ягами есть блестящие перспективы на будущее и ни малейшей идеи, чем заполнить настоящее. Парень сходит с ума от скуки. Но все меняется, когда он находит записную книжку синигами – бога смерти. Любой человек, чье имя окажется на ее странице, умрет. Лайт решает использовать Тетрадь смерти, чтобы избавить мир от зла. Куда приведут эти благие намерения?",Манга,/static/books/covers/deathnote1.jpg,9785389137240,ru,5.0
Стальной Алхимик. Кн.1,Хирому Аракава,Азбука,2024,272,"Легендарная серия манги показывает нам альтернативный 20-й век, в котором магия и алхимия идут в ногу с технологическим процессом. В центре сюжета два брата, Эдвард и Альфонс, попытка которых спасти умершую мать с помощью алхимии приводит к ужасным последствиям. У Эдварда не остается иного выбора, как вступить в армию, чтобы попытаться найти способ восстановить искалеченное тело своего брата и свое собственное.",Манга,/static/books/covers/stal_alhim1.jpg,9785389159396,ru,5.0
Берсерк. Том 1,Кэнтаро Миура,XL-Media,2020,458,"Одинокий воин, облаченный во все черное и с огромным, в человеческий рост, мечом за спиной, странствует по свету, верша свою месть силам зла. Там, где проходит его путь, неизменно остаются горы трупов, а кровь льется рекой. Народная молва нарекла этого воина Черным Мечником, но прежде его звали Гатсом, и он был обычным наемником, пока одно событие не изменило его жизнь навсегда.",Манга,/static/books/covers/berserk1.jpg,9785919962908,ru,5.0
Шерлок Холмс. Его прощальный поклон,Артур Конан Дойл,Азбука,2022,256,"Английский врач и писатель сэр Артур Конан Дойл известен всему миру как непревзойденный мастер детективного жанра, автор множества произведений о гениальном сыщике Шерлоке Холмсе и его верном друге докторе Ватсоне. Классические переводы этих рассказов и романов, делавшиеся давно и множеством разных переводчиков, страдают известными недостатками: расхождения, пропуски, откровенные ошибки. Вашему вниманию предлагается сборник «Его прощальный поклон» в новых переводах Людмилой Бриловой и Сергеем Сухаревым — мастеров, чьи переводы Кадзуо Исигуро и Рэя Брэдбери, Фрэнсиса Скотта Фицджеральда и Чарльза Паллисера, Томаса Де Квинси, Германа Мелвилла и других давно стали классическими.",Детектив,/static/books/covers/sherlock_poklon.jpg,9785389157552,ru,5.0
Лучшее во мне,Николас Спаркс,АСТ,2017,384,"От автора бестселлеров «Спеши любить» и «Дневник памяти». Трогательный роман о первой любви, которая живет вечно. Доусон Коул однажды уже свою возлюбленную Аманду. Встретив ее спустя 20 лет в родном городе, он понимает, что не может допустить этой ошибки вновь. Доусон не может допустить мысли, что опять будет ужинать и засыпать один, что её снова не будет рядом. Но с их расставания прошло слишком много времени, у Аманды уже давно есть семья… Эта судьбоносная встреча должна расставить всё на свои места.",Романтика,/static/books/covers/best_in_me.jpg,9785171556938,ru,5.0
Лунный камень,Уилки Коллинз,АСТ,2015,608,"Лунный камень – огромный желтый алмаз – некогда украшавший чело бога Луны в одном из священных индийских храмов, подарен на восемнадцатилетие Рэчел Вериндер. Но в ту же ночь камень был украден. Для расследования приглашен лучший сыщик Англии – сержант Кафф.",Детектив,/static/books/covers/lunniy_kamen.jpg,9785171464943,ru,5.0
Правда о деле Гарри Квеберта,Жоэль Диккер,АСТ,2022,720,"«Правда о деле Гарри Квеберта» вышла в 2012 году и сразу стала бестселлером. Едва появившись на прилавках, книга в одной только Франции разошлась огромным тиражом и была переведена на тридцать языков, а ее автор, двадцатисемилетний швейцарец Жоэль Диккер, получил Гранпри Французской академии за лучший роман и Гонкуровскую премию лицеистов. Действие этой истории с головокружительным сюжетом и неожиданным концом происходит в США. Молодой успешный романист Маркус Гольдман мается от отсутствия вдохновения и отправляется за помощью к своему учителю, знаменитому писателю Гарри Квеберту. Однако внезапно выясняется, что помощь требуется самому Гарри, обвиненному в убийстве, которое произошло в тихом американском городке 33 года назад. Чтобы спасти Гарри от электрического стула, Маркус берется за собственное расследование и пытается распутать сложнейший клубок лжи, давно похороненных тайн и роковых случайностей. И получает тридцать один совет, как написать бестселлер.",Детектив,/static/books/covers/garry_kverberta.jpg,9785170862627,ru,5.0
Преступления Арсена Люпена,Морис Леблан,Азбука,2024,736,"«Книги французского писателя Мориса Леблана о приключениях Арсена Люпена раскупались при жизни автора огромными тиражами, превышающими тиражи книг самого Конан Дойла. Арсен Люпен — великий искатель приключений, король воров, человек с тысячью обличий. О его поимке мечтает каждый полицейский Франции. Его имя стало легендой, которая ужасает и восхищает. Поймать его невозможно, предсказать его следующий шаг — исключено. Его хитрость, благородство, изобретательность не знают границ. В настоящее издание вошел сборник рассказов «Признания Арсена Люпена», а также два романа: «Осколок снаряда» (увлекательная военно-детективная история, в которой Арсен Люпен появляется как второстепенный персонаж) и «Золотой треугольник». Произведения сопровождаются иллюстрациями французских художников из первых оригинальных изданий.",Детектив,/static/books/covers/arsen_lupen.jpg,9785389250093,ru,5.0
Десять негритят,Агата Кристи,Эксмо,2018,256,"Десять никак не связанных между собой людей в особняке на уединенном острове... Кто вызвал их сюда таинственным приглашением? Зачем кто-то убивает их, одного за другим, самыми невероятными способами? Почему все происходящее так тесно переплетено с веселым детским стишком?",Детектив,/static/books/covers/negritata.jpg,9785040911264,ru,5.0
Аэропорт,Артур Хейли,АСТ,2020,608,"Город, где находится крупнейший аэропорт, неожиданно накрывает снежный буран, поэтому все службы работают в экстренном режиме. На сотрудников аэропорта обрушивается одна проблема за другой — сначала непонятно где исчезает машина с продуктами, а потом на борту одного из самолетов происходит страшная авария. Ко всему прочему добавляются обострившиеся личные проблемы героев, их сложные душевные драмы — вот в такой запутанный клубок сюжетных линий завяжется действие романа, уместившееся в один пятничный вечер. По роману Аэропорт в 1970 году был снят фильм с ведущими голливудскими актерами — десять номинаций на премию Оскар! После этой экранизации вышли еще три сиквела.",Романтика,/static/books/covers/airport.jpg,9785170899494,ru,5.0
Письма Баламута. Расторжение брака,Клайв Стейплз Льюис,АСТ,2015,288,"В этот сборник вошли сразу три произведения Клайва Стейплза Льюиса — «Письма Баламута», «Баламут предлагает тост» и «Расторжение брака». «Письма Баламута» — блестяще остроумная пародия на старинный британский памфлет — представляют собой серию писем старого и искушенного беса Баламута, занимающего респектабельное место в адской номенклатуре, к любимому племяннику — юному бесу Гнусику, только‑только делающему первые шаги на ниве уловления человеческих душ. Нелегкое занятие в середине просвещенного и маловерного ХХ века, где искушать, в общем, уже и некого, и нечем... «Расторжение брака» — роман‑притча о преддверии загробного мира, обитатели которого могут без труда попасть в Рай, однако в большинстве своем упорно предпочитают привычную повседневность городской суеты Чистилища непривычному и незнакомому блаженству.",Романтика,/static/books/covers/balamut.jpg,9785171149307,ru,5.0
Замок Броуди,Арчибальд Кронин,Азбука,2025,672,"Самый популярный роман знаменитого прозаика Арчибальда Кронина. Многим известна английская пословица «Мой дом — моя крепость». И узнать тайны английского дома, увидеть «невидимые миру слезы» мало кому удается. Однако дом Джеймса Броуди стал не крепостью, для членов его семьи он превратился в настоящую тюрьму. Из нее вырывается старшая дочь Мэри, уезжает сын Мэт, а вот те, кто смиряется с самодурством и деспотизмом Броуди — его жена Маргарет и малышка Несси, — обречены...",Романтика,/static/books/covers/zamok_broudi.jpg,9785389113473,ru,5.0
Евгений Онегин,Александр Пушкин,Азбука,2025,352,"Роман в стихах «Евгений Онегин» — самое известное и самое значительное произведение А. С. Пушкина, вершина русской поэзии и предмет многочисленных исследований. Пушкин начал писать роман в мае 1823 года, а закончил только осенью 1831 года, когда было написано «Письмо Онегина к Татьяне». Осенью 1823 года он сообщал друзьям: «...Я теперь пишу не роман, а роман в стихах — дьявольская разница...» Занимательный, легкий, основанный на любовной истории, переданной в манере доверительной беседы автора с читателем, и вместе с тем полный неразрешимых парадоксов и загадок. Противоречивость, многомерность, составляющие самую суть пушкинского романа, привлекают новые поколения читателей, позволяют открывать в нем новые смыслы.",Романтика,/static/books/covers/evgeniy_onegin.jpg,9785389088467,ru,5.0
Моя геройская академия. Кн.1,Кохэй Хорикоси,Азбука,2025,408,"Много лет тому назад случилось чудо – на свет появился мерцающий младенец. С тех пор повсюду начали рождаться люди с особыми силами – причудами. Однако, увы, не все они используют свои способности во благо… К счастью, на страже порядка всегда стоят профессиональные герои, которые не позволят абсолютному злу взять верх! Хочешь стать героем, поступи в геройскую академию и раскрой свой потенциал!",Манга,/static/books/covers/mha1.jpg,9785389169517,ru,5.0
Хребты безумия,Говард Филлипс Лавкрафт,АСТ,2019,480,"При жизни этот писатель не опубликовал ни одной книги, после смерти став кумиром как массового читателя, так и искушенного эстета, и неиссякаемым источником вдохновения для кино- и игровой индустрии;его называли Эдгаром По ХХ века, гениальным безумцем и адептом тайных знаний; его творчество уникально настолько, что потребовало выделения в отдельный поджанр; им восхищались Роберт Говард и Клайв Баркер, Хорхе Луис Борхес и Айрис Мёрдок;",Фантастика,/static/books/covers/hrebty_bezumia.jpg,9785170991204,ru,5.0
Цветы для Элджернона,Дэниел Киз,"Эксмо",2012,384,"Еще недавно описанный Дэниелом Кизом эксперимент был абсолютной фантастикой, читая которую можно было только удивляться. Действительно невозможно было себе представить, что наука способна шагнуть так далеко, буквально в живой интеллект человека. Чарли — особенный молодой человек с отклонениями в развитии мозга. Он очень добрый, он трудолюбивый и честный... но глупый, наивный, не способный нормально обучаться. 40 лет назад — это был приговор безоговорочный и, конечно «Цветы для Элджернона» — книгой фантастической.",Романтика,/static/books/covers/flowers.jpg,9785699556991,ru,5.0
Щегол,Донна Тартт,АСТ,2017,832,"Роман, который лауреат Пулитцеровской премии Донна Тартт писала более 10 лет, — огромное эпическое полотно о силе искусства и о том, как оно — подчас совсем не так, как нам того хочется — способно перевернуть всю нашу жизнь. 13-летний Тео Декер чудом остался жив после взрыва, в котором погибла его мать. Брошенный отцом, без единой родной души на всем свете, он скитается по приемным домам и чужим семьям — от Нью-Йорка до Лас-Вегаса, — и его единственным утешением, которое, впрочем, чуть не приводит к его гибели, становится украденный им из музея шедевр голландского старого мастера.",Детектив,/static/books/covers/shegol.jpg,9785170854486,ru,5.0
Хоббит,Джон Рональд Руэл Толкин,АСТ,2025,304,"Джон Рональд Руэл Толкин — писатель, поэт, филолог, профессор Оксфордского университета, родоначальник современной фэнтези. В 1937 году был написан «Хоббит», а в середине 1950‑х годов увидели свет три книги «Властелина колец», повествующие о Средиземье — мире, населенном представителями волшебных рас со сложной культурой, историей и мифологией. В последующие годы эти романы были переведены на все мировые языки, адаптированы для кино, мультипликации, аудиопьес, театра, компьютерных игр, комиксов и породили массу подражаний и пародий. Впервые с иллюстрациями самого Джона Р.Р. Толкина!",Фантастика,/static/books/covers/hobbit.jpg,9785170828791,ru,5.0
Братство кольца,Джон Рональд Руэл Толкин,АСТ,2018,480,"Трилогия Властелин Колец — одна из тех великих книг, встреча с которыми становится Событием. Эпическая красота повествования, вечная тема борьбы Добра и Зла, большой подвиг маленького героя и, самое главное, — тот фантастический и вместе с тем удивительно реальный мир, в котором хочется остаться навсегда. Издание, которое вы держите в руках, выполненное в переводе Владимира Грушецкого и Наталии Григорьевой и оформленное знаменитым художником Денисом Гордеевым, — не просто книга на все времена, не просто культовое фэнтези от одного из самых известных писателей, но произведение искусства, сочетающее в себе волшебство слова и рисунка.",Фантастика,/static/books/covers/lord_of_the_rings1.jpg,9785170818020,ru,5.0
Старик и море. Острова и море,Эрнест Хемингуэй,АСТ,2013,544,"Повесть «Старик и море» — одно из самых известных и любимых читателями произведений Хемингуэя.Она принесла автору Пулитцеровскую премию, а также сыграла немаловажную роль в присуждении ему звания нобелевского лауреата. Это рассказ о «трагическом стоицизме» и мужестве, о том, как перед лицом безжалостной судьбы и одиночества человек, даже проигрывая, должен сохранять достоинство. «Острова и море» — искренняя и правдивая история жизни и гибели меланхоличного отшельника, художника‑мариниста Томаса Хадсона и его сыновей. Роман об одиночестве и отчаянии, самоотверженности и отваге, поиске выхода из тупика и нравственном долге перед собой и окружающими.",Романтика,/static/books/covers/ded_and_sea.jpg,9785171126414,ru,5.0
Война миров. Человек-невидимка,Герберт Уэллс,Эксмо,2021,384,"Два самых известных романа знаменитого классика фантастики в одной книге. «Война миров» — первый в истории роман, поднимающий тему вражды между людьми и инопланетянами. Захватывающий и отрезвляющий, пугающий и увлекательный, потрясающе масштабно экранизированный. «Человек-невидимка» — трагическая история талантливого ученого, совершившего удивительное открытие, которая поражает сочетанием психологической и бытовой достоверности с фантастичностью происходящих событий.",Романтика,/static/books/covers/ww3.jpg,9785041564117,ru,5.0
Современный Человек-Паук Т.1 Сила и ответственность,Брайан Бендис,Зодиак,2019,200,"Старшая школа, взросление, первые танцы – в молодости много ловушек. Смешайте их с сильной личной трагедией и суперсилой и вы сможете представить себе мир Питера Паркера, он же Человек-Паук! Станьте свидетелем перерождения легенды, пока Питер познает, что с великой силой должна прийти и великая ответственность! Содержит выпуски «Современного Человека-Паука #1-7», написанные Брайаном Майклом Бендисом и нарисованные Марком Багли, командой с самой длинной совместной работой над одной серией в истории Marvel!",Манга,/static/books/covers/ultimate_spider_man1.jpg,9000027804101,ru,5.0
Новая Росомаха. Том 1,Том Тейлор,Эксмо,2021,284,"ТЕПЕРЬ ОНА ЛУЧШАЯ В СВОЁМ ДЕЛЕ! Х-23 БЫЛА СОЗДАНА, ЧТОБЫ СТАТЬ ОРУЖИЕМ. И была им какое-то время. Но Лора Кинни сбежала от этой жизни благодаря своему наставнику, Логану, оригинальному Росомахе. Теперь, когда он погиб, Лора чтит его память, став Новой Росомахой. Но скоро её ждёт встреча с людьми, чьи лица она знает как своё собственное. БУКВАЛЬНО. Эти люди в смятении, и чтобы облегчить их ношу, Лора обратится за помощью к Доктору Стрэнджу и Осе! А также: прошлое отбрасывает большую тень. Лора узнает это на своём опыте, когда встретится не с кем иным, как со Стариком Логаном! Он пришёл в этот мир из царства антиутопии и разрухи и готов затянуть .туда всех, включая саму Лору. Она останется героем или же сдастся под натиском мрачной судьбы? В книгу входят комиксы Новая Росомаха #1-12. Над серией работали Том Тэйлор, Дэвид Лопез, Дэвид Наварро, Марсио Такара и Иг Гуара.",Манга,/static/books/covers/new_rosomaxa1.jpg,9785041074487,ru,5.0
Тайна Безумного Шляпника,Джон Диксон Карр,Азбука,2025,320,"Золотой век детектива подарил нам множество звездных имен. Произведения таких писателей, как Агата Кристи, Гилберт Честертон, Эрл Стэнли Гарднер, Рекс Стаут развивали и совершенствовали детективный жанр, их романы, безоговорочно признанные классикой, по сей день любимы читателями и являются эталоном качества для последующих поколений авторов детективных историй. Почетное место в этой плеяде по праву принадлежит Джону Диксону Карру (1906–1977) — виртуозному мастеру идеально построенных «невозможных преступлений в запертой комнате». В 1933 году в романе «Ведьмино Логово» Джон Диксон Карр впервые представил публике сыщика-любителя доктора Гидеона Фелла, а в 1934 году вышла в свет история о его следующем расследовании — роман «Тайна Безумного Шляпника». Проделки неизвестного хулигана, срывающего головные уборы с добропорядочных горожан, вряд ли могли бы взволновать повидавших всякое лондонцев. Другое дело — труп, раскинувшийся на ступенях Тауэра с одной из пропавших шляп на голове...",Детектив,/static/books/covers/secret_madness_shlapnika.jpg,9785389289147,ru,5.0
Последнее убийство в конце времен,Стюарт Тёртон,Азбука,2024,448,"Впервые на русском — новейшая книга автора международных бестселлеров «Семь смертей Эвелины Хардкасл» (перевод на более чем 30 языков, тираж свыше 1 млн только в США и Британии) и «Дьявол и темная вода», «ломающий все жанровые каноны роман-загадка, не похожий ни на что» (А. Дж. Финн, автор «Женщины в окне»). Смертельный туман покрыл Землю, уничтожив на ней всю жизнь. Уцелел лишь крошечный остров на краю света, окруженный защитным барьером. На острове в гармонии обитают трое старейшин-ученых — последняя связь с древним миром до катастрофы — и сто двадцать два жителя деревни. Но однажды происходит немыслимое — случается убийство. И если за сто семь часов убийца не будет найден, защитный барьер падет и гибельный туман поглотит последний остров на краю света… «Удивительная и совершенно органичная смесь постапокалипсиса с классическим детективом» (Good Reading, Australia).",Детектив,/static/books/covers/last_kill.jpg,9785389252691,ru,5.0
Записки маленькой гимназистки. Записки институтки,Чарская Лидия Алексеевна,Издательство АСТ,2025,384,"Впечатления Лидии Чарской о семи годах, проведенных в Павловском женском институте в Петербурге, стали богатым материалом для будущих книг, в которых она рассказывала о юных девушках, тонко описывая их душевные переживания. В это издание вошли две повести о сильных, смелых и добрых девочках: гимназистке Лене Икониной и институтке Люде Влассовской. Героини Чарской – это маленькие девочки из разных уголков Российской империи, которые переживают из-за оценок и экзаменов, делятся друг с другом секретами, участвуют в проказах и шалостях, живут в ожидании первого бала и поддерживают друг друга в трудную минуту.",Романтика,/static/books/covers/institutka.jpg,9785171736811,ru
На дне,Горький Максим,Издательство АСТ,2024,384,"— От автора романа «Жизнь Клима Самгина» и трилогии «Детство. В людях. Мои университеты». — Писатель, поэт, драматург, публицист и общественный деятель Максим Горький — один из самых известных и влиятельных литераторов первой половины XX века. — Самые известные из ранних произведений Максима Горького под одной обложкой. — В данное издание вошли драма «На дне», стихотворения в прозе «Песня о соколе» и «Песня о Буревестнике» и рассказы «Челкаш», «Старуха Изергиль» и «Макар Чудра». — Издание в серии «Эксклюзивная классика» (Лучшее) — в узнаваемом оформлении и в твердой обложке.",Романтика,/static/books/covers/on_the_floor.jpg,9785171740412,ru
Пластиковый океан,Хуэй Ху,Издательство АСТ,2021,544,"— Впервые на русском языке. — Первоклассная китайская фантастика. — Масштабное повествование, в котором переплетаются элементы научной фантастики, драмы, боевика и даже хоррора. — Лауреат премии «Туманность» — крупнейшей научно-фантастической премии Китая. — Права на экранизацию романа уже куплены.",Фантастика,/static/books/covers/plactic_ocean.jpg,9785171509583,ru
Игры со льдом,Валиуллин Ринат Рифович,Издательство АСТ,2017,224,"- Переосмысление жанра спортивного романа от виртуоза философско-романтической прозы. - Для поклонников романов «Где валяются поцелуи», «Состояние — Питер», «В каждом молчании своя истерика». - Простая на первый взгляд история любви известного хоккеиста и студентки преподносится через призму кинообъектива. - Автор использует свой излюбленный прием — магический реализм, чтобы устроить читателю увлекательный вояж на разные уровни реальности, то стирая, то возвращая границу между жизнью и кино. - Серия «Когда приходит любовь».",Романтика,/static/books/covers/games_with_ice.jpg,9785171610074,ru
Человек-Паук: Заклятые враги,Кванц Дэниел,Издательство АСТ,2018,120,"Для истинных фанатов Человека‑Паука! Истории старые, оформление новое! Переиздание сборника «Смертельные враги» + одна новая история! Смертельный поединок со Стервятником Поразительная угроза Ужасного Жестянщика Человек‑Паук против Доктора Осьминога Ничто не остановит Песочного человека Помечен для уничтожения Доктором Думом 6. Лицом к лицу с Ящером (новая история)",Манга,/static/books/covers/spiderman_kids1.jpg,9785171498603,ru
The Last of Us. Одни из нас. Американские мечты,"Дракманн Нил, Хикс Фэйт, Розенберг Рейчел",Издательство АСТ,2020,104,"Девятнадцать лет назад вспышка грибковой инфекции погубила большую часть населения планеты. В одной из немногих карантинных зон тринадцатилетняя Элли начинает новую жизнь под опекой военной школы-интерната, где дружба с одноклассницей Райли приводит ее к первому путешествию во внешний мир. За стенами регламентированного гражданского порядка Элли и Райли сталкиваются с насильственным образом жизни повстанческой группы «Цикад» и с чудовищными жертвами вируса!",Манга,/static/books/covers/lastofus.jpg,9785171192563,ru
Алмазная гора,Вербинина Валерия,Издательство АСТ,2012,352,"- Увлекательный исторический детектив о советской эпохе. - Захватывающий роман с неожиданными сюжетными поворотами, из которого читатель узнает множество интересного о кино довоенных лет. Действие книги происходит в Крыму во время съемок фильма. - Очередной том цикла про сотрудника угрозыска Ивана Опалина, но книгу можно читать и отдельно. - Серия «Мастера сыска. Советское время».",Детектив,/static/books/covers/almaz_gora.jpg,9785171730062,ru
Король в желтом,Чамберс Роберт,Издательство АСТ,2024,320,"— Культовая книга жанра хоррор. — Один из самых ярких образцов «ужаса и сверхъестественного» американской прозы. — Все истории цикла «Король в желтом» под одной обложкой. — Роберт Чамберс оказал огромное влияние на творчество многих авторов XX века, в том числе и Говарда Филлипса Лавкрафта, Нила Германа и Стивена Кинга. — Для всех поклонников телесериала «Настоящий детектив». — Любимая книга — теперь в удобном формате и узнаваемом оформлении серии «Эксклюзивная классика».",Детектив,/static/books/covers/king_in_yellow.jpg,9785171679682,ru
Тонкий расчет,Шелдон Сидни,Издательство АСТ,2005,384,"Мужчина, предавший женщину, рано или поздно горько об этом пожалеет... Мужчина, предавший сильную женщину ради власти, пожалеет об этом трижды! Истина, которую забыл молодой политик, карьеры ради бросивший невесту накануне свадьбы и женившийся на дочери могущественного сенатора. Прошли годы… Все давно забыто? О нет! Преданная им женщина всего лишь ждала удобного часа для мести. И она дождалась...",Детектив,/static/books/covers/tonkiy_raschot.jpg,9785171532611,ru
Прокляты и убиты,Астафьев Виктор Петрович,Издательство АСТ,2017,800,"Над романом‑эпопеей «Прокляты и убиты» Астафьев работал долго — с 1990 по 1994 гг — и так и не написал запланированной последней, третьей книги, однако это не помешало произведению стать одним из самых сильных и пронзительных образцов российской «военной» прозы. Необычно уже само название романа, пришедшее из писаний русских старообрядцев: «Все, кто сеет на земле смуту, войны и братоубийство, будут Богом прокляты и убиты». Столь же необычно в этой эпопее все — идея войны как наказания Божия, посланного народу за ужасы революции и отказ от веры; предельный реализм в описаниях солдатского быта; удивительно искренний и народный патриотизм, сочетающийся со столь же глубинным и народным неприятием «советчины». Ничего подобного в русской «военной» прозе не было ни до, ни после удивительной эпопеи Астафьева.",Романтика,/static/books/covers/proklaty_and_killed.jpg,9785171081171,ru
Автостопом по Галактике. Ресторан "У конца Вселенной";,Адамс Дуглас,Издательство АСТ,2022,352,"«Автостопом по Галактике». КУЛЬТОВЫЙ СЕРИАЛ, равно любимый и критиками, и читателями. Сериал, послуживший основой ВЕЛИКОЛЕПНОГО ФИЛЬМА, сценарий которого в свое время создал САМ Дуглас Адамс. Вы смотрели этот фильм? Вы восхищались его юмором и полетом воображения? Вы еще не читали КНИГУ? Прочтите. Не пожалеете!",Фантастика,/static/books/covers/stoop1.jpg,9785170324583,ru
Сто лет одиночества,Гарсиа Маркес Габриэль,Издательство АСТ,2024,416,"Одна из величайших книг XX века. Классика магического реализма. Странная, увлекательная и причудливая история затерянного в джунглях города Макондо — от его основания до гибели. Перед вами — история рода Буэндиа, семьи, столь необычной, что чудеса в ней стали обыденным и повседневным явлением, не заслуживающим внимания. Семьи, в которой рождаются святые и грешники, авантюристы и революционеры, герои и предатели. Семьи, в которой кипят невероятные страсти и случаются удивительные события. Семьи, в которой как в волшебном зеркале отражается подлинная история Латинской Америки.",Романтика,/static/books/covers/one_hungred_years_alone.jpg,9785171632960,ru
Рубаи,Омар Хайям,Издательство АСТ,2015,224,"Омар Хайям (1048–1131) — великий персидский поэт, философ и учёный, неоспоримый классик мировой лирики. На протяжении всей своей жизни он писал стихотворные афоризмы, рубаи, в которых отражал сокровенные мысли о любви и ненависти, добре и зле, судьбе и роке. Знаменитые рубайат, заставляющие задуматься о жизни и посмеяться над беспомощностью человека в борьбе с самим собой, остаются актуальны по сей день.",Романтика,/static/books/covers/rubai.jpg,9785171596965,ru
Дети Хурина. Нарн и Хин Хурин,Толкин Джон Рональд Руэл,Издательство АСТ,2018,320,"«Примерно за шесть с половиной тысяч лет до Совета Эльронда в Ривенделле родился в Дор-ломине Турин, и „его появление на свет сопровождается мрачными знамениями“»... Фэнтезийный роман «Дети Хурина» культового английского писателя Джона Р. Р. Толкина был опубликован в 2007 году, а начат почти на девяносто лет ранее. Издал легендарное сказание о популярном мире Средиземья сын автора Кристофер. Он переработал огромное количество черновиков отца, к которым тот возвращался на протяжении всей своей жизни... Книга адресована в первую очередь тем любителям культового цикла «Властелин Колец», которые, как говорится в предисловии, «возможно, помнят, что пронзить шкуру Шелоб „не хватило бы сил человеческих, даже если бы сталь выковали эльф или гном, а сжимала клинок рука Берена либо Турина“, или что в Ривенделле Эльронд, обращаясь к Фродо, назвал Турина „одним из могучих друзей эльфов далекого прошлого“; однако ничего больше о Турине не знают»... ...Появившись на свет, брат и сестра Турин и Ниэнор даже не подозревали, насколько тяжелой станет их последующая жизнь. Насколько несправедливым окажется нести бремя проклятия, которое злые силы наложили на их отца-героя, не ставшего выдавать месторасположение тайного города эльфов. Насколько печальный конец может ждать их семью...",Фантастика,/static/books/covers/hurin_kids.jpg,9785170886647,ru
Всадник без головы,Рид Томас Майн,Издательство АСТ,2023,768,"Мистическая и таинственная история о всаднике без головы, то тут, то там появляющемся в техасских прериях, будоражит воображение не одного поколения читателей. Тайная любовь красавицы-аристократки Луизы Пойнтдекстер и небогатого мустангера Мориса Джеральда, исчезновение любимого брата Луизы и внезапное появление загадочного всадника, ревность, вражда и возмездие – все переплетается в замысловатый клубок непростых взаимоотношений героев на фоне бескрайних равнин и жаркого неба Южного Техаса. Томас Майн Рид писал этот роман, вспоминая собственные приключения в Америке, где он прожил десять лет, дружил с Эдгаром Аланом По, работал торговым агентом, актером, учителем и журналистом и даже был ранен в бою. Роман ""Всадник без головы"" принёс автору не только большой гонорар, но и всемирную славу, и до сих пор считается одним из главных образцов приключенческой литературы.",Романтика,/static/books/covers/without_head.jpg,9785171636005,ru
Страх вратаря перед одиннадцатиметровым,Хандке Петер,Издательство АСТ,2017,160,"Бывший вратарь Йозеф Блох, бесцельно слоняясь по Вене, знакомится с кассиршей кинотеатра, остается у нее на ночь, а утром душит ее. После он бежит в маленький городок, где, затаившись, через полицейские сводки в газетах следит за происходящим, понимая, что его преследователи все ближе и ближе... ""Страх вратаря перед одиннадцатиметровым"" (1970) – самая известная повесть Хандке о вратаре, пропустившем гол. Гол, который дал трещину в его жизни.",Романтика,/static/books/covers/scary_football.jpg,9785171209155,ru
О дивный новый мир,Хаксли Олдос,Издательство АСТ,2021,288,"""О дивный новый мир"" — изысканная и остроумная антиутопия о генети-чески программируемом ""обществе потребления"", в котором разворачивается трагическая история Дикаря — ""Гамлета"" этого мира.",Фантастика,/static/books/covers/new_world.jpg,9785170628230,ru
К востоку от Эдема,Стейнбек Джон,Издательство АСТ,2018,768,"Шедевр ""позднего"" Джона Стейнбека. Роман, который вызвал бурю возмущения консервативно настроенных критиков, надолго занял первое место среди национальных бестселлеров и лег в основу классического фильма с Джеймсом Дином в главной роли. Семейная сага… История страстной любви и страстной ненависти, доверия и предательства, преступлений и проступков… Но прежде всего – история двух сыновей калифорнийца Адама Траска, своеобразных ""Каина и Авеля"". Оба они ищут свое место в мире, но как же разнятся их поиски… ""Ты можешь"" – слова из библейского апокрифа, которые становятся своеобразным символом романа. Можешь. Можешь творить зло – или добро, можешь стать жертвой – или хищником. Но за каждый выбор придется платить дорогой ценой…",Романтика,/static/books/covers/edem.jpg,9785170818556,ru
